"","date","country","city","sessionDuration","sessions","bounces","newusers"
"1",2012-06-01,"Brazil","Pelotas",0,1,1,0
"2",2012-06-01,"Russia","Moscow",0,1,1,0
"3",2012-06-01,"Ukraine","Khmelnytskyi",536,1,0,1
"4",2012-06-01,"Ukraine","Odesa",515,1,0,1
"5",2012-06-01,"Ukraine","Sevastopol",2,1,0,1
"6",2012-06-02,"Russia","Moscow",0,3,3,0
"7",2012-06-02,"Ukraine","Lviv",0,1,1,1
"8",2012-06-02,"Ukraine","Simferopol",1308,1,0,1
"9",2012-06-03,"Brazil","Pelotas",0,1,1,1
"10",2012-06-03,"Russia","Moscow",0,1,1,0
"11",2012-06-03,"Russia","Rostov-on-Don",907,1,0,1
"12",2012-06-03,"Russia","Saint Petersburg",0,1,1,1
"13",2012-06-03,"Ukraine","Donetsk",0,1,1,1
"14",2012-06-03,"Ukraine","Kyiv",72,1,0,1
"15",2012-06-03,"Ukraine","Sevastopol",0,1,1,0
"16",2012-06-03,"Ukraine","Simferopol",0,1,1,0
"17",2012-06-03,"Ukraine","Zaporizhzhia",0,1,1,1
"18",2012-06-04,"Russia","Moscow",1649,3,2,1
"19",2012-06-04,"Russia","Tver",337,1,0,1
"20",2012-06-04,"Ukraine","Dnipro",30,2,1,1
"21",2012-06-04,"Ukraine","Kyiv",0,1,1,1
"22",2012-06-04,"Ukraine","Lviv",0,2,2,1
"23",2012-06-04,"Ukraine","Odesa",0,1,1,1
"24",2012-06-04,"Ukraine","Sevastopol",33,1,0,1
"25",2012-06-04,"Ukraine","Simferopol",0,5,5,1
"26",2012-06-05,"Russia","Moscow",257,1,0,0
"27",2012-06-05,"Russia","Veliky Novgorod",0,1,1,1
"28",2012-06-05,"Ukraine","Dnipro",25,1,0,1
"29",2012-06-05,"Ukraine","Kharkiv",215,1,0,1
"30",2012-06-05,"Ukraine","Kropyvnytskyi",418,3,0,1
"31",2012-06-05,"Ukraine","Kyiv",0,2,2,2
"32",2012-06-05,"Ukraine","Odesa",0,1,1,0
"33",2012-06-05,"Ukraine","Sevastopol",76,2,1,1
"34",2012-06-05,"Ukraine","Simferopol",0,3,3,3
"35",2012-06-06,"Belarus","Minsk",0,1,1,1
"36",2012-06-06,"Russia","Moscow",0,2,2,0
"37",2012-06-06,"Ukraine","Sevastopol",0,1,1,1
"38",2012-06-06,"Ukraine","Simferopol",0,1,1,1
"39",2012-06-06,"Ukraine","Vinnytsia",0,1,1,1
"40",2012-06-07,"Russia","Moscow",370,3,1,1
"41",2012-06-07,"Ukraine","Kharkiv",1158,1,0,1
"42",2012-06-07,"Ukraine","Kyiv",41,1,0,1
"43",2012-06-07,"Ukraine","Simferopol",0,2,2,2
"44",2012-06-08,"Russia","Moscow",0,1,1,0
"45",2012-06-08,"Russia","Saint Petersburg",0,2,2,2
"46",2012-06-08,"Ukraine","Kyiv",70,2,1,2
"47",2012-06-08,"Ukraine","Sevastopol",990,1,0,1
"48",2012-06-09,"Russia","Kemerovo",0,1,1,1
"49",2012-06-09,"Russia","Moscow",81,4,3,1
"50",2012-06-09,"Russia","Veliky Novgorod",0,1,1,0
"51",2012-06-09,"Ukraine","Kerch",81,1,0,1
"52",2012-06-09,"Ukraine","Kyiv",0,1,1,1
"53",2012-06-09,"Ukraine","Sevastopol",0,1,1,1
"54",2012-06-09,"Ukraine","Uzhhorod",0,1,1,1
"55",2012-06-10,"Belarus","Minsk",0,1,1,1
"56",2012-06-10,"Russia","(not set)",6842,1,0,1
"57",2012-06-10,"Ukraine","Kharkiv",99,1,0,1
"58",2012-06-10,"Ukraine","Kryvyi Rih",56,1,0,1
"59",2012-06-10,"Ukraine","Kyiv",20,3,2,3
"60",2012-06-10,"Ukraine","Odesa",0,1,1,0
"61",2012-06-10,"Ukraine","Simferopol",1185,5,0,1
"62",2012-06-10,"Ukraine","Zaporizhzhia",0,1,1,1
"63",2012-06-11,"Russia","Moscow",1636,1,0,0
"64",2012-06-11,"Russia","Yaroslavl",0,1,1,1
"65",2012-06-11,"Russia","Yekaterinburg",2691,1,0,1
"66",2012-06-11,"Ukraine","Izmail",0,1,1,1
"67",2012-06-11,"Ukraine","Kryvyi Rih",0,1,1,1
"68",2012-06-11,"Ukraine","Simferopol",0,2,2,1
"69",2012-06-12,"Russia","Moscow",0,2,2,0
"70",2012-06-12,"Ukraine","Donetsk",0,1,1,0
"71",2012-06-12,"Ukraine","Kropyvnytskyi",0,1,1,1
"72",2012-06-12,"Ukraine","Odesa",181,2,1,0
"73",2012-06-12,"Ukraine","Sevastopol",60,1,0,1
"74",2012-06-12,"Ukraine","Simferopol",0,1,1,0
"75",2012-06-13,"Russia","Moscow",24,2,1,1
"76",2012-06-13,"Ukraine","Odesa",0,1,1,0
"77",2012-06-13,"Ukraine","Simferopol",71,2,0,0
"78",2012-06-14,"(not set)","(not set)",0,1,1,1
"79",2012-06-14,"Moldova","Tiraspol",52,1,0,1
"80",2012-06-14,"Russia","Moscow",0,2,2,1
"81",2012-06-14,"Russia","Petrozavodsk",128,1,0,1
"82",2012-06-14,"Russia","Vladikavkaz",3,1,0,1
"83",2012-06-14,"Ukraine","Kerch",376,1,0,1
"84",2012-06-14,"Ukraine","Kyiv",0,1,1,0
"85",2012-06-15,"Ukraine","Kerch",0,1,1,1
"86",2012-06-15,"Ukraine","Kyiv",0,1,1,1
"87",2012-06-15,"Ukraine","Odesa",266,1,0,0
"88",2012-06-15,"Ukraine","Simferopol",0,2,2,0
"89",2012-06-16,"Russia","Moscow",0,1,1,1
"90",2012-06-16,"Ukraine","Simferopol",0,1,1,0
"91",2012-06-17,"Italy","Palermo",0,1,1,1
"92",2012-06-17,"Ukraine","Lviv",0,1,1,1
"93",2012-06-17,"Ukraine","Simferopol",82,2,1,2
"94",2012-06-18,"Russia","Saint Petersburg",0,1,1,0
"95",2012-06-18,"Ukraine","Berdyans'k",414,1,0,1
"96",2012-06-18,"Ukraine","Kharkiv",482,1,0,1
"97",2012-06-18,"Ukraine","Kyiv",0,1,1,0
"98",2012-06-18,"Ukraine","Odesa",0,2,2,0
"99",2012-06-18,"Ukraine","Simferopol",2786,4,0,2
"100",2012-06-18,"Ukraine","Yevpatoriya",0,1,1,1
"101",2012-06-19,"New Zealand","Auckland",0,1,1,0
"102",2012-06-19,"Russia","Krasnodar",0,1,1,1
"103",2012-06-19,"Russia","Moscow",15,1,0,1
"104",2012-06-19,"Ukraine","Kyiv",139,1,0,1
"105",2012-06-19,"Ukraine","Odesa",0,1,1,0
"106",2012-06-19,"Ukraine","Simferopol",0,2,2,0
"107",2012-06-20,"Russia","Moscow",0,1,1,1
"108",2012-06-20,"Ukraine","Dnipro",0,1,1,1
"109",2012-06-20,"Ukraine","Kyiv",0,1,1,1
"110",2012-06-20,"Ukraine","Odesa",1093,3,1,1
"111",2012-06-20,"Ukraine","Simferopol",17927,5,3,2
"112",2012-06-20,"Ukraine","Yalta",140,1,0,1
"113",2012-06-20,"Ukraine","Zaporizhzhia",0,1,1,1
"114",2012-06-21,"Russia","Makhachkala",0,1,1,1
"115",2012-06-21,"Russia","Moscow",22,1,0,1
"116",2012-06-21,"Ukraine","Odesa",0,3,3,0
"117",2012-06-21,"Ukraine","Simferopol",17584,1,0,0
"118",2012-06-22,"Russia","Rostov-on-Don",0,1,1,1
"119",2012-06-22,"Russia","Vladivostok",1469,1,0,1
"120",2012-06-22,"Ukraine","Dnipro",0,1,1,1
"121",2012-06-22,"Ukraine","Kerch",1136,1,0,0
"122",2012-06-22,"Ukraine","Kharkiv",445,2,1,2
"123",2012-06-22,"Ukraine","Odesa",17973,1,0,0
"124",2012-06-22,"Ukraine","Simferopol",761,2,1,2
"125",2012-06-23,"Russia","Rostov-on-Don",531,2,1,0
"126",2012-06-23,"Ukraine","Donetsk",0,1,1,1
"127",2012-06-23,"Ukraine","Feodosiya",121,1,0,1
"128",2012-06-23,"Ukraine","Melitopol'",0,1,1,0
"129",2012-06-23,"Ukraine","Sevastopol",0,2,2,2
"130",2012-06-24,"Belarus","Minsk",0,1,1,1
"131",2012-06-24,"Russia","Rostov-on-Don",0,1,1,0
"132",2012-06-24,"Russia","Vladimir",11,1,0,1
"133",2012-06-24,"Ukraine","Donetsk",0,1,1,1
"134",2012-06-24,"Ukraine","Kyiv",0,1,1,0
"135",2012-06-24,"Ukraine","Lviv",0,1,1,1
"136",2012-06-24,"Ukraine","Odesa",0,2,2,0
"137",2012-06-24,"Ukraine","Simferopol",476,3,2,2
"138",2012-06-25,"Belarus","Minsk",0,1,1,1
"139",2012-06-25,"Russia","Saint Petersburg",0,1,1,1
"140",2012-06-25,"Ukraine","Odesa",9000,1,0,0
"141",2012-06-26,"Russia","Moscow",40,1,0,1
"142",2012-06-26,"Ukraine","Donetsk",0,1,1,1
"143",2012-06-26,"Ukraine","Feodosiya",0,1,1,0
"144",2012-06-26,"Ukraine","Odesa",0,2,2,0
"145",2012-06-26,"Ukraine","Sevastopol",0,3,3,3
"146",2012-06-26,"Ukraine","Simferopol",128,3,2,1
"147",2012-06-27,"Russia","Nizhny Novgorod",0,1,1,1
"148",2012-06-27,"Russia","Sterlitamak",0,1,1,1
"149",2012-06-27,"Ukraine","Odesa",0,2,2,0
"150",2012-06-27,"Ukraine","Simferopol",432,3,2,2
"151",2012-06-28,"(not set)","(not set)",0,1,1,1
"152",2012-06-28,"Belarus","Minsk",0,1,1,1
"153",2012-06-28,"Russia","Moscow",0,1,1,1
"154",2012-06-28,"Ukraine","Kyiv",0,1,1,1
"155",2012-06-28,"Ukraine","Melitopol'",0,1,1,0
"156",2012-06-28,"Ukraine","Sevastopol",0,1,1,1
"157",2012-06-28,"Ukraine","Simferopol",0,1,1,0
"158",2012-06-28,"Ukraine","Uzhhorod",0,1,1,1
"159",2012-06-29,"Ecuador","Guayaquil",0,1,1,1
"160",2012-06-29,"Russia","Saint Petersburg",392,2,1,2
"161",2012-06-29,"Ukraine","Khmelnytskyi",0,1,1,1
"162",2012-06-29,"Ukraine","Simferopol",0,1,1,1
"163",2012-06-30,"Ukraine","Dnipro",0,1,1,1
"164",2012-07-01,"Russia","Saint Petersburg",0,1,1,0
"165",2012-07-01,"Russia","Tambov",890,1,0,1
"166",2012-07-01,"Ukraine","Dnipro",121,1,0,1
"167",2012-07-01,"Ukraine","Kyiv",292,1,0,1
"168",2012-07-01,"Ukraine","Mykolaiv",100,1,0,1
"169",2012-07-01,"Ukraine","Odesa",0,1,1,0
"170",2012-07-01,"Ukraine","Simferopol",7309,1,0,0
"171",2012-07-02,"Canada","Markham",0,1,1,1
"172",2012-07-02,"Russia","Moscow",0,1,1,1
"173",2012-07-02,"Russia","Saint Petersburg",0,1,1,1
"174",2012-07-02,"Ukraine","Dnipro",501,1,0,1
"175",2012-07-02,"Ukraine","Kyiv",0,1,1,1
"176",2012-07-02,"Ukraine","Lviv",198,1,0,1
"177",2012-07-02,"Ukraine","Odesa",1821,4,2,0
"178",2012-07-02,"Ukraine","Simferopol",5794,3,2,0
"179",2012-07-03,"Russia","Moscow",0,1,1,1
"180",2012-07-03,"Ukraine","Odesa",12820,1,0,0
"181",2012-07-03,"Ukraine","Sevastopol",0,1,1,1
"182",2012-07-03,"Ukraine","Uzhhorod",0,1,1,1
"183",2012-07-04,"(not set)","(not set)",0,1,1,1
"184",2012-07-04,"Russia","Moscow",715,2,1,2
"185",2012-07-04,"Russia","Tula",0,1,1,1
"186",2012-07-04,"Ukraine","Feodosiya",89,2,1,2
"187",2012-07-04,"Ukraine","Odesa",20244,2,1,0
"188",2012-07-04,"Ukraine","Simferopol",0,2,2,0
"189",2012-07-05,"Russia","Ryazan",106,1,0,1
"190",2012-07-05,"Ukraine","Kyiv",0,2,2,2
"191",2012-07-05,"Ukraine","Odesa",612,3,2,1
"192",2012-07-05,"Ukraine","Poltava",0,1,1,1
"193",2012-07-05,"Ukraine","Simferopol",1067,4,3,2
"194",2012-07-06,"Russia","Moscow",184,1,0,1
"195",2012-07-06,"Russia","Vladivostok",0,1,1,1
"196",2012-07-06,"Ukraine","Feodosiya",0,1,1,1
"197",2012-07-06,"Ukraine","Lviv",0,1,1,1
"198",2012-07-06,"Ukraine","Odesa",734,2,1,0
"199",2012-07-06,"Ukraine","Simferopol",0,3,3,2
"200",2012-07-07,"Ukraine","Feodosiya",10,1,0,1
"201",2012-07-07,"Ukraine","Kyiv",0,1,1,1
"202",2012-07-07,"Ukraine","Melitopol'",0,1,1,0
"203",2012-07-07,"Ukraine","Simferopol",0,1,1,0
"204",2012-07-07,"United Arab Emirates","Dubai",912,1,0,1
"205",2012-07-08,"Georgia","Tbilisi",0,1,1,1
"206",2012-07-08,"Germany","Berlin",701,1,0,1
"207",2012-07-08,"Russia","Ryazan",0,1,1,0
"208",2012-07-08,"Russia","Россоши",249,1,0,1
"209",2012-07-08,"Ukraine","Kyiv",0,1,1,1
"210",2012-07-08,"Ukraine","Melitopol'",0,1,1,0
"211",2012-07-08,"Ukraine","Simferopol",5334,4,3,3
"212",2012-07-08,"Ukraine","Yevpatoriya",0,1,1,1
"213",2012-07-08,"Ukraine","Zaporizhzhia",0,1,1,1
"214",2012-07-09,"Russia","Volgograd",0,1,1,1
"215",2012-07-09,"Ukraine","Berdyans'k",79,1,0,1
"216",2012-07-09,"Ukraine","Kyiv",273,1,0,1
"217",2012-07-09,"Ukraine","Sevastopol",0,1,1,1
"218",2012-07-10,"Russia","Vologda",43,1,0,1
"219",2012-07-10,"Ukraine","Dnipro",26,1,0,1
"220",2012-07-10,"Ukraine","Kyiv",0,1,1,0
"221",2012-07-10,"Ukraine","Melitopol'",0,1,1,0
"222",2012-07-11,"Russia","Lipetsk",0,1,1,1
"223",2012-07-11,"Russia","Moscow",350,1,0,1
"224",2012-07-11,"Russia","Ulyanovsk",1810,1,0,1
"225",2012-07-11,"Ukraine","Kyiv",0,1,1,0
"226",2012-07-12,"Russia","(not set)",0,1,1,1
"227",2012-07-12,"Russia","Kurgan",0,1,1,1
"228",2012-07-12,"Ukraine","Donetsk",0,1,1,1
"229",2012-07-12,"Ukraine","Kyiv",0,1,1,0
"230",2012-07-12,"Ukraine","Sevastopol",231,1,0,1
"231",2012-07-12,"Ukraine","Simferopol",0,3,3,3
"232",2012-07-12,"Ukraine","Zaporizhzhia",0,1,1,1
"233",2012-07-13,"Russia","Irkutsk",0,1,1,1
"234",2012-07-13,"Ukraine","Lviv",1520,1,0,1
"235",2012-07-13,"Ukraine","Melitopol'",0,2,2,0
"236",2012-07-13,"Ukraine","Mykolaiv",1237,2,1,2
"237",2012-07-13,"Ukraine","Rivne",2479,3,0,1
"238",2012-07-13,"United States","Davenport",0,1,1,1
"239",2012-07-14,"Belarus","Viciebsk",0,1,1,1
"240",2012-07-14,"Latvia","Riga",4,1,0,1
"241",2012-07-14,"Ukraine","Kyiv",0,1,1,1
"242",2012-07-14,"Ukraine","Simferopol",242,1,0,1
"243",2012-07-15,"Russia","Kurgan",0,1,1,1
"244",2012-07-15,"Ukraine","Kyiv",0,2,2,1
"245",2012-07-15,"Ukraine","Odesa",133,2,1,1
"246",2012-07-15,"Ukraine","Simferopol",76616,1,0,0
"247",2012-07-15,"Ukraine","Sumy",65,1,0,1
"248",2012-07-15,"Ukraine","Zhytomyr",0,1,1,1
"249",2012-07-16,"Ukraine","Dnipro",987,11,6,11
"250",2012-07-17,"(not set)","(not set)",0,3,3,1
"251",2012-07-17,"Ukraine","Dnipro",565,1,0,1
"252",2012-07-17,"Ukraine","Kharkiv",0,1,1,1
"253",2012-07-17,"Ukraine","Kherson",0,1,1,1
"254",2012-07-17,"Ukraine","Kryvyi Rih",0,1,1,1
"255",2012-07-17,"Ukraine","Kyiv",0,1,1,1
"256",2012-07-17,"Ukraine","Mykolaiv",0,2,2,1
"257",2012-07-17,"Ukraine","Sevastopol",136,1,0,1
"258",2012-07-17,"Ukraine","Simferopol",0,1,1,1
"259",2012-07-18,"Russia","Chelyabinsk",0,1,1,1
"260",2012-07-18,"Russia","Moscow",0,1,1,0
"261",2012-07-18,"Ukraine","Simferopol",0,2,2,0
"262",2012-07-19,"Finland","Kemi",0,1,1,1
"263",2012-07-19,"Ukraine","Dnipro",50524,2,1,2
"264",2012-07-19,"Ukraine","Kharkiv",0,1,1,1
"265",2012-07-19,"Ukraine","Odesa",9204,1,0,0
"266",2012-07-19,"Ukraine","Simferopol",0,1,1,1
"267",2012-07-19,"Ukraine","Zaporizhzhia",12722,1,0,1
"268",2012-07-20,"(not set)","(not set)",0,1,1,1
"269",2012-07-20,"Russia","Krasnodar",0,1,1,1
"270",2012-07-20,"Russia","Moscow",0,1,1,0
"271",2012-07-20,"Ukraine","Chystiakove",0,1,1,1
"272",2012-07-20,"Ukraine","Dnipro",53980,1,0,1
"273",2012-07-20,"Ukraine","Kharkiv",0,1,1,1
"274",2012-07-20,"Ukraine","Kyiv",0,2,2,1
"275",2012-07-20,"Ukraine","Mykolaiv",0,1,1,1
"276",2012-07-20,"Ukraine","Odesa",1627,1,0,1
"277",2012-07-20,"Ukraine","Simferopol",0,1,1,0
"278",2012-07-20,"Ukraine","Uzhhorod",81,1,0,1
"279",2012-07-21,"Ukraine","Dnipro",0,1,1,1
"280",2012-07-21,"Ukraine","Kyiv",0,2,2,1
"281",2012-07-21,"Ukraine","Sevastopol",0,1,1,1
"282",2012-07-21,"Ukraine","Simferopol",21,1,0,1
"283",2012-07-22,"Azerbaijan","Baku",24,1,0,1
"284",2012-07-22,"Ukraine","Dnipro",78023,1,0,1
"285",2012-07-22,"Ukraine","Kramatorsk",0,1,1,1
"286",2012-07-22,"Ukraine","Odesa",1324,1,0,0
"287",2012-07-22,"Ukraine","Sevastopol",0,1,1,1
"288",2012-07-22,"Ukraine","Simferopol",44,2,1,1
"289",2012-07-23,"Russia","Moscow",0,1,1,1
"290",2012-07-23,"Russia","Россоши",0,1,1,1
"291",2012-07-23,"Ukraine","Dnipro",3692,3,0,3
"292",2012-07-23,"Ukraine","Donetsk",2,1,0,1
"293",2012-07-23,"Ukraine","Kerch",55,2,0,2
"294",2012-07-23,"Ukraine","Kyiv",418,1,0,0
"295",2012-07-23,"Ukraine","Odesa",0,1,1,1
"296",2012-07-23,"Ukraine","Sevastopol",0,1,1,1
"297",2012-07-23,"Ukraine","Simferopol",0,3,3,2
"298",2012-07-24,"Germany","Munich",0,1,1,1
"299",2012-07-24,"Ukraine","Donetsk",0,1,1,1
"300",2012-07-24,"Ukraine","Kharkiv",0,1,1,1
"301",2012-07-24,"Ukraine","Odesa",5134,2,1,0
"302",2012-07-25,"Russia","Moscow",153,1,0,1
"303",2012-07-25,"Ukraine","Feodosiya",0,1,1,0
"304",2012-07-25,"Ukraine","Odesa",54,2,1,0
"305",2012-07-25,"Ukraine","Simferopol",32248,4,3,2
"306",2012-07-26,"Ukraine","Kharkiv",98,1,0,0
"307",2012-07-26,"Ukraine","Kyiv",0,1,1,0
"308",2012-07-26,"Ukraine","Luhansk",0,1,1,1
"309",2012-07-26,"Ukraine","Sevastopol",0,1,1,1
"310",2012-07-26,"Ukraine","Simferopol",0,1,1,0
"311",2012-07-27,"Russia","Krasnoyarsk",11,1,0,1
"312",2012-07-27,"Russia","Vladivostok",100,2,1,2
"313",2012-07-27,"Ukraine","Kharkiv",0,1,1,0
"314",2012-07-27,"Ukraine","Rivne",117,1,0,1
"315",2012-07-28,"(not set)","(not set)",0,1,1,0
"316",2012-07-28,"Russia","Moscow",13,1,0,1
"317",2012-07-28,"Ukraine","Kerch",0,1,1,1
"318",2012-07-28,"Ukraine","Simferopol",0,2,2,2
"319",2012-07-29,"(not set)","(not set)",192,1,0,1
"320",2012-07-29,"Russia","Kazan",21,1,0,1
"321",2012-07-29,"Ukraine","Dnipro",152,2,0,2
"322",2012-07-29,"Ukraine","Donetsk",202,1,0,1
"323",2012-07-29,"Ukraine","Kerch",338,4,1,4
"324",2012-07-29,"Ukraine","Kharkiv",0,1,1,1
"325",2012-07-29,"Ukraine","Kyiv",36,2,1,1
"326",2012-07-29,"Ukraine","Simferopol",0,1,1,1
"327",2012-07-30,"Russia","Omsk",0,1,1,1
"328",2012-07-30,"Russia","Tambov",874,2,0,2
"329",2012-07-30,"Ukraine","Armyans'k",90,1,0,1
"330",2012-07-30,"Ukraine","Dnipro",146,3,2,2
"331",2012-07-30,"Ukraine","Donetsk",260,2,0,1
"332",2012-07-30,"Ukraine","Feodosiya",0,2,2,2
"333",2012-07-30,"Ukraine","Kerch",50,3,1,3
"334",2012-07-30,"Ukraine","Kharkiv",415,2,1,2
"335",2012-07-30,"Ukraine","Kyiv",286,4,3,4
"336",2012-07-30,"Ukraine","Lviv",946,1,0,0
"337",2012-07-30,"Ukraine","Melitopol'",0,1,1,0
"338",2012-07-30,"Ukraine","Odesa",8,1,0,1
"339",2012-07-30,"Ukraine","Sevastopol",140,2,1,2
"340",2012-07-30,"Ukraine","Simferopol",61524,3,1,1
"341",2012-07-31,"Israel","Tel Aviv-Yafo",0,1,1,1
"342",2012-07-31,"Russia","Belgorod",421,1,0,1
"343",2012-07-31,"Russia","Moscow",4373,2,0,2
"344",2012-07-31,"Ukraine","Kerch",375,2,0,2
"345",2012-07-31,"Ukraine","Kharkiv",1117,3,0,3
"346",2012-07-31,"Ukraine","Odesa",0,2,2,1
"347",2012-07-31,"Ukraine","Sevastopol",123,3,1,3
"348",2012-07-31,"Ukraine","Simferopol",0,2,2,0
"349",2012-08-01,"(not set)","(not set)",59,3,2,2
"350",2012-08-01,"Russia","Omsk",0,1,1,1
"351",2012-08-01,"Russia","Rostov-on-Don",508,1,0,1
"352",2012-08-01,"Russia","Saint Petersburg",13,1,0,1
"353",2012-08-01,"Ukraine","Dzhankoi",17,1,0,1
"354",2012-08-01,"Ukraine","Feodosiya",215,1,0,1
"355",2012-08-01,"Ukraine","Kerch",792,4,1,2
"356",2012-08-01,"Ukraine","Kharkiv",0,1,1,1
"357",2012-08-01,"Ukraine","Kyiv",259,3,2,2
"358",2012-08-01,"Ukraine","Odesa",6447,6,4,2
"359",2012-08-01,"Ukraine","Sevastopol",0,2,2,1
"360",2012-08-01,"Ukraine","Shakhtars'k",0,1,1,1
"361",2012-08-01,"Ukraine","Simferopol",21,3,1,1
"362",2012-08-01,"Ukraine","Uzhhorod",390,2,0,2
"363",2012-08-01,"Ukraine","Zaporizhzhia",0,1,1,1
"364",2012-08-02,"Russia","Irkutsk",0,1,1,1
"365",2012-08-02,"Russia","Moscow",0,4,4,3
"366",2012-08-02,"Russia","Saint Petersburg",0,1,1,1
"367",2012-08-02,"Russia","Voronezh",52,1,0,1
"368",2012-08-02,"Ukraine","Dnipro",67,2,1,2
"369",2012-08-02,"Ukraine","Kerch",0,1,1,0
"370",2012-08-02,"Ukraine","Kyiv",0,4,4,2
"371",2012-08-02,"Ukraine","Luhansk",197,1,0,1
"372",2012-08-02,"Ukraine","Odesa",21798,4,2,0
"373",2012-08-02,"Ukraine","Sevastopol",0,1,1,1
"374",2012-08-02,"Ukraine","Simferopol",11044,2,0,0
"375",2012-08-03,"Belarus","Minsk",36,1,0,1
"376",2012-08-03,"Ukraine","Odesa",5864,7,3,2
"377",2012-08-03,"Ukraine","Simferopol",0,2,2,1
"378",2012-08-04,"Russia","Moscow",0,1,1,1
"379",2012-08-04,"Ukraine","Odesa",14,1,0,1
"380",2012-08-04,"United Kingdom","London",0,1,1,1
"381",2012-08-05,"(not set)","(not set)",570,1,0,0
"382",2012-08-05,"Ukraine","Kyiv",170,5,4,1
"383",2012-08-05,"Ukraine","Melitopol'",0,1,1,1
"384",2012-08-05,"Ukraine","Odesa",2221,3,1,2
"385",2012-08-05,"Ukraine","Sevastopol",0,1,1,1
"386",2012-08-05,"Ukraine","Shcholkine",305,1,0,1
"387",2012-08-05,"Ukraine","Simferopol",55114,2,1,1
"388",2012-08-05,"Ukraine","Zaporizhzhia",0,1,1,1
"389",2012-08-06,"Belarus","Minsk",1142,1,0,1
"390",2012-08-06,"Ukraine","Dnipro",0,2,2,2
"391",2012-08-06,"Ukraine","Kherson",79,1,0,0
"392",2012-08-06,"Ukraine","Odesa",1725,3,2,0
"393",2012-08-06,"Ukraine","Simferopol",568,1,0,0
"394",2012-08-07,"Belarus","Viciebsk",0,1,1,1
"395",2012-08-07,"Russia","Moscow",0,1,1,1
"396",2012-08-07,"Ukraine","Chernivtsi",7028,4,2,0
"397",2012-08-07,"Ukraine","Kherson",0,1,1,0
"398",2012-08-07,"Ukraine","Kyiv",0,1,1,1
"399",2012-08-07,"Ukraine","Lviv",0,1,1,1
"400",2012-08-08,"Russia","Chelyabinsk",273,1,0,1
"401",2012-08-08,"Russia","Kurgan",0,1,1,1
"402",2012-08-08,"Russia","Magnitogorsk",136,1,0,1
"403",2012-08-08,"Russia","Троицкое",0,1,1,1
"404",2012-08-08,"Ukraine","Kyiv",0,3,3,3
"405",2012-08-08,"Ukraine","Odesa",1545,2,1,0
"406",2012-08-08,"Ukraine","Sevastopol",5,1,0,0
"407",2012-08-08,"Ukraine","Simferopol",0,2,2,1
"408",2012-08-08,"United States","Gaithersburg",0,1,1,1
"409",2012-08-09,"Russia","Moscow",52,4,2,3
"410",2012-08-09,"Russia","Tomsk",24,1,0,1
"411",2012-08-09,"Russia","Ulyanovsk",0,1,1,1
"412",2012-08-09,"Ukraine","Dnipro",117,1,0,1
"413",2012-08-09,"Ukraine","Feodosiya",113,1,0,0
"414",2012-08-09,"Ukraine","Kharkiv",0,1,1,1
"415",2012-08-09,"Ukraine","Kyiv",9,5,4,3
"416",2012-08-09,"Ukraine","Odesa",11328,1,0,0
"417",2012-08-09,"Ukraine","Poltava",44,1,0,1
"418",2012-08-09,"Ukraine","Simferopol",256,2,1,0
"419",2012-08-10,"Ukraine","Bila Tserkva",0,1,1,1
"420",2012-08-10,"Ukraine","Kyiv",0,2,2,2
"421",2012-08-10,"Ukraine","Odesa",16492,3,0,1
"422",2012-08-11,"(not set)","(not set)",0,1,1,1
"423",2012-08-11,"Ukraine","Kyiv",0,1,1,1
"424",2012-08-11,"Ukraine","Odesa",7,1,0,1
"425",2012-08-12,"Russia","Dedovsk",0,1,1,1
"426",2012-08-12,"Russia","Kursk",0,1,1,1
"427",2012-08-12,"Ukraine","Feodosiya",25,1,0,1
"428",2012-08-12,"Ukraine","Kerch",0,1,1,1
"429",2012-08-12,"Ukraine","Kyiv",4,2,1,2
"430",2012-08-12,"Ukraine","Simferopol",40269,2,1,0
"431",2012-08-12,"Ukraine","Uzhhorod",374,1,0,1
"432",2012-08-13,"Russia","Moscow",0,1,1,1
"433",2012-08-13,"Russia","Samara",0,1,1,1
"434",2012-08-13,"Ukraine","Kerch",0,1,1,1
"435",2012-08-13,"Ukraine","Lviv",71,1,0,1
"436",2012-08-13,"Ukraine","Odesa",0,1,1,0
"437",2012-08-13,"Ukraine","Oleksandriya",0,1,1,1
"438",2012-08-13,"Ukraine","Simferopol",0,2,2,1
"439",2012-08-14,"(not set)","(not set)",0,1,1,1
"440",2012-08-14,"Russia","Perm",106,1,0,1
"441",2012-08-14,"Ukraine","Kerch",0,1,1,1
"442",2012-08-14,"Ukraine","Kyiv",0,2,2,1
"443",2012-08-14,"Ukraine","Odesa",9997,1,0,0
"444",2012-08-14,"Ukraine","Simferopol",0,2,2,2
"445",2012-08-15,"Russia","Dedovsk",0,1,1,1
"446",2012-08-15,"Russia","Omsk",0,1,1,1
"447",2012-08-15,"Ukraine","Kerch",112,1,0,1
"448",2012-08-15,"Ukraine","Kyiv",0,1,1,1
"449",2012-08-15,"Ukraine","Odesa",0,1,1,0
"450",2012-08-15,"Ukraine","Simferopol",0,1,1,1
"451",2012-08-16,"Kazakhstan","Almaty",0,1,1,1
"452",2012-08-16,"Russia","Moscow",574,1,0,1
"453",2012-08-16,"Ukraine","Kerch",24,2,1,1
"454",2012-08-16,"Ukraine","Odesa",10583,2,1,0
"455",2012-08-16,"Ukraine","Simferopol",397,3,0,3
"456",2012-08-16,"Ukraine","Uzhhorod",81,2,1,2
"457",2012-08-17,"Ukraine","Odesa",22495,1,0,0
"458",2012-08-17,"Ukraine","Simferopol",1001,5,3,4
"459",2012-08-17,"United Kingdom","Leeds",0,1,1,1
"460",2012-08-18,"Ukraine","(not set)",359,1,0,1
"461",2012-08-18,"Ukraine","Kharkiv",0,1,1,0
"462",2012-08-18,"Ukraine","Kryvyi Rih",819,2,1,1
"463",2012-08-18,"Ukraine","Kyiv",0,1,1,1
"464",2012-08-18,"Ukraine","Zaporizhzhia",99,1,0,1
"465",2012-08-19,"Russia","Kurgan",0,1,1,1
"466",2012-08-19,"Russia","Yekaterinburg",0,4,4,3
"467",2012-08-19,"Ukraine","Kryvyi Rih",126,1,0,0
"468",2012-08-19,"Ukraine","Odesa",0,1,1,1
"469",2012-08-19,"Ukraine","Simferopol",3182,3,1,1
"470",2012-08-20,"Russia","Moscow",26,2,1,1
"471",2012-08-20,"Ukraine","Kherson",67,1,0,0
"472",2012-08-20,"Ukraine","Kryvyi Rih",0,4,4,0
"473",2012-08-20,"Ukraine","Odesa",9028,2,1,1
"474",2012-08-20,"Ukraine","Simferopol",707,2,1,2
"475",2012-08-21,"Russia","Moscow",39,1,0,1
"476",2012-08-21,"Russia","Yekaterinburg",0,1,1,0
"477",2012-08-21,"Ukraine","Kherson",15759,1,0,0
"478",2012-08-21,"Ukraine","Kryvyi Rih",337,2,0,1
"479",2012-08-21,"Ukraine","Odesa",0,1,1,0
"480",2012-08-21,"Ukraine","Sevastopol",327,1,0,1
"481",2012-08-22,"Russia","Moscow",0,1,1,1
"482",2012-08-22,"Ukraine","Feodosiya",0,1,1,0
"483",2012-08-22,"Ukraine","Kryvyi Rih",319,3,1,1
"484",2012-08-22,"Ukraine","Kyiv",0,2,2,1
"485",2012-08-22,"Ukraine","Odesa",2442,3,1,0
"486",2012-08-22,"Ukraine","Simferopol",28121,2,1,1
"487",2012-08-23,"Russia","Khimki",0,1,1,1
"488",2012-08-23,"Russia","Lipetsk",0,1,1,1
"489",2012-08-23,"Ukraine","Dnipro",65,1,0,1
"490",2012-08-23,"Ukraine","Kryvyi Rih",123,1,0,0
"491",2012-08-23,"Ukraine","Kyiv",0,1,1,1
"492",2012-08-23,"Ukraine","Melitopol'",0,1,1,0
"493",2012-08-23,"Ukraine","Sevastopol",0,1,1,1
"494",2012-08-23,"Ukraine","Simferopol",0,1,1,1
"495",2012-08-24,"Russia","Surgut",0,1,1,1
"496",2012-08-24,"Ukraine","Feodosiya",0,1,1,1
"497",2012-08-24,"Ukraine","Kharkiv",0,2,2,2
"498",2012-08-24,"Ukraine","Mykolaiv",0,2,2,0
"499",2012-08-24,"Ukraine","Simferopol",808,2,1,1
"500",2012-08-25,"Russia","Saratov",0,1,1,1
"501",2012-08-25,"Ukraine","Dnipro",2642,2,1,1
"502",2012-08-25,"Ukraine","Kerch",61,1,0,1
"503",2012-08-25,"Ukraine","Kharkiv",0,1,1,1
"504",2012-08-25,"Ukraine","Kyiv",0,1,1,1
"505",2012-08-26,"Belarus","Minsk",0,1,1,1
"506",2012-08-26,"Israel","Tel Aviv-Yafo",0,1,1,1
"507",2012-08-26,"Ukraine","Kyiv",0,1,1,0
"508",2012-08-26,"Ukraine","Odesa",29,1,0,0
"509",2012-08-27,"Belgium","Londerzeel",0,1,1,1
"510",2012-08-27,"Russia","Belgorod",255,1,0,1
"511",2012-08-27,"Russia","Moscow",0,1,1,1
"512",2012-08-27,"Ukraine","Donetsk",28633,1,0,1
"513",2012-08-27,"Ukraine","Kharkiv",0,1,1,1
"514",2012-08-27,"Ukraine","Kyiv",17,1,0,1
"515",2012-08-27,"Ukraine","Odesa",2910,3,1,1
"516",2012-08-27,"Ukraine","Simferopol",0,5,5,3
"517",2012-08-27,"Ukraine","Sumy",0,1,1,1
"518",2012-08-27,"Ukraine","Zaporizhzhia",0,1,1,1
"519",2012-08-28,"Belarus","Minsk",0,2,2,1
"520",2012-08-28,"Norway","Bergen",0,1,1,1
"521",2012-08-28,"Russia","Bryansk",0,1,1,1
"522",2012-08-28,"Russia","Kursk",0,1,1,0
"523",2012-08-28,"Russia","Magnitogorsk",0,1,1,1
"524",2012-08-28,"Russia","Moscow",189,3,1,2
"525",2012-08-28,"Ukraine","Donetsk",25,2,1,2
"526",2012-08-28,"Ukraine","Kerch",13,1,0,1
"527",2012-08-28,"Ukraine","Kharkiv",17,1,0,1
"528",2012-08-28,"Ukraine","Kryvyi Rih",195,5,3,2
"529",2012-08-28,"Ukraine","Kyiv",432,4,1,3
"530",2012-08-28,"Ukraine","Odesa",25045,3,2,2
"531",2012-08-28,"Ukraine","Sevastopol",130,1,0,1
"532",2012-08-28,"Ukraine","Simferopol",124,5,2,4
"533",2012-08-28,"Ukraine","Yevpatoriya",77,1,0,1
"534",2012-08-29,"Ukraine","Donetsk",0,1,1,0
"535",2012-08-29,"Ukraine","Kerch",88,2,1,2
"536",2012-08-29,"Ukraine","Kharkiv",13,1,0,1
"537",2012-08-29,"Ukraine","Kremenchuk",0,1,1,1
"538",2012-08-29,"Ukraine","Kyiv",203,4,2,4
"539",2012-08-29,"Ukraine","Odesa",5696,2,1,0
"540",2012-08-29,"Ukraine","Simferopol",819,4,2,2
"541",2012-08-29,"Ukraine","Yalta",0,1,1,1
"542",2012-08-30,"Russia","Magnitogorsk",0,1,1,0
"543",2012-08-30,"Russia","Maykop",0,1,1,1
"544",2012-08-30,"Russia","Moscow",0,1,1,1
"545",2012-08-30,"Russia","Murmansk",0,1,1,1
"546",2012-08-30,"Russia","Yekaterinburg",0,1,1,1
"547",2012-08-30,"Ukraine","Kerch",0,1,1,0
"548",2012-08-30,"Ukraine","Kharkiv",336,1,0,1
"549",2012-08-31,"Belarus","Minsk",0,1,1,1
"550",2012-08-31,"Russia","Korolyov",33,1,0,1
"551",2012-08-31,"Russia","Rostov-on-Don",152,1,0,1
"552",2012-08-31,"Russia","Saint Petersburg",425,1,0,1
"553",2012-08-31,"Ukraine","Zaporizhzhia",0,1,1,1
"554",2012-08-31,"Vietnam","Ho Chi Minh City",44,1,0,1
"555",2012-09-01,"Russia","Moscow",22,1,0,1
"556",2012-09-01,"Ukraine","Kyiv",0,2,2,1
"557",2012-09-02,"Ecuador","Quito",0,1,1,1
"558",2012-09-02,"New Zealand","Auckland",0,1,1,0
"559",2012-09-02,"Russia","Khimki",0,1,1,1
"560",2012-09-02,"Ukraine","Kerch",0,1,1,0
"561",2012-09-02,"Ukraine","Kyiv",288,2,1,2
"562",2012-09-02,"Ukraine","Odesa",856,2,1,0
"563",2012-09-02,"Ukraine","Sevastopol",0,1,1,1
"564",2012-09-02,"Ukraine","Simferopol",1170,3,2,0
"565",2012-09-03,"Russia","Kazan",314,1,0,1
"566",2012-09-03,"Ukraine","Dnipro",0,1,1,1
"567",2012-09-03,"Ukraine","Kharkiv",0,1,1,1
"568",2012-09-03,"Ukraine","Lviv",0,1,1,1
"569",2012-09-03,"Ukraine","Melitopol'",0,1,1,0
"570",2012-09-03,"Ukraine","Mykolaiv",0,1,1,1
"571",2012-09-03,"Ukraine","Odesa",13107,2,0,0
"572",2012-09-03,"Ukraine","Simferopol",1363,2,0,0
"573",2012-09-03,"Ukraine","Sumy",224,1,0,1
"574",2012-09-03,"Ukraine","Vinnytsia",0,1,1,1
"575",2012-09-03,"United States","Duluth",0,1,1,1
"576",2012-09-03,"United States","Venice",0,1,1,1
"577",2012-09-04,"Russia","Moscow",170,1,0,1
"578",2012-09-04,"Ukraine","Donetsk",0,2,2,2
"579",2012-09-04,"Ukraine","Kyiv",5,1,0,1
"580",2012-09-04,"Ukraine","Lviv",0,1,1,1
"581",2012-09-04,"Ukraine","Odesa",13719,3,0,0
"582",2012-09-04,"Ukraine","Simferopol",67,1,0,1
"583",2012-09-04,"Ukraine","Zaporizhzhia",0,1,1,1
"584",2012-09-05,"Russia","Moscow",0,1,1,1
"585",2012-09-05,"Russia","Petrozavodsk",161,1,0,1
"586",2012-09-05,"Ukraine","Kyiv",987,2,0,2
"587",2012-09-05,"Ukraine","Lviv",0,1,1,1
"588",2012-09-05,"Ukraine","Odesa",15849,2,0,0
"589",2012-09-06,"Ukraine","Donetsk",1502,1,0,0
"590",2012-09-06,"Ukraine","Kremenchuk",56,1,0,1
"591",2012-09-06,"Ukraine","Lviv",347,1,0,1
"592",2012-09-06,"Ukraine","Odesa",3511,3,1,1
"593",2012-09-07,"New Zealand","Auckland",0,1,1,0
"594",2012-09-07,"Ukraine","Kharkiv",369,1,0,1
"595",2012-09-07,"Ukraine","Odesa",7138,1,0,0
"596",2012-09-07,"Ukraine","Sevastopol",103,2,1,2
"597",2012-09-07,"Ukraine","Simferopol",0,1,1,0
"598",2012-09-08,"Ukraine","Kyiv",17,2,1,1
"599",2012-09-08,"Ukraine","Simferopol",1049,3,2,2
"600",2012-09-09,"Ukraine","Kharkiv",96,1,0,1
"601",2012-09-09,"Ukraine","Simferopol",45409,1,0,0
"602",2012-09-09,"Ukraine","Yalta",1102,1,0,1
"603",2012-09-10,"Russia","Nizhny Novgorod",0,1,1,1
"604",2012-09-10,"Ukraine","Kyiv",0,2,2,2
"605",2012-09-10,"Ukraine","Odesa",6180,4,2,0
"606",2012-09-10,"Ukraine","Simferopol",0,1,1,0
"607",2012-09-10,"Ukraine","Zaporizhzhia",421,1,0,0
"608",2012-09-11,"Ukraine","Dnipro",320,1,0,1
"609",2012-09-11,"Ukraine","Kremenchuk",0,1,1,1
"610",2012-09-11,"Ukraine","Odesa",0,1,1,0
"611",2012-09-11,"Ukraine","Simferopol",275,1,0,1
"612",2012-09-12,"Ukraine","Odesa",71888,2,0,0
"613",2012-09-13,"Ukraine","Chernivtsi",322,1,0,1
"614",2012-09-13,"Ukraine","Kherson",6092,1,0,0
"615",2012-09-13,"Ukraine","Odesa",2631,2,0,0
"616",2012-09-13,"Ukraine","Simferopol",19,1,0,0
"617",2012-09-14,"Russia","Moscow",29,1,0,1
"618",2012-09-14,"Ukraine","Odesa",9715,2,0,0
"619",2012-09-14,"Ukraine","Simferopol",8,2,1,1
"620",2012-09-15,"Russia","Moscow",0,1,1,1
"621",2012-09-15,"Ukraine","Kharkiv",0,1,1,1
"622",2012-09-15,"Ukraine","Kyiv",0,1,1,1
"623",2012-09-15,"Ukraine","Simferopol",0,1,1,0
"624",2012-09-16,"Russia","Bryansk",80,1,0,1
"625",2012-09-16,"Russia","Rostov-on-Don",0,1,1,1
"626",2012-09-16,"Russia","Saint Petersburg",90,2,1,2
"627",2012-09-16,"Ukraine","Enerhodar",0,1,1,1
"628",2012-09-16,"Ukraine","Odesa",727,2,1,0
"629",2012-09-16,"Ukraine","Simferopol",0,1,1,0
"630",2012-09-16,"Ukraine","Zaporizhzhia",36,1,0,0
"631",2012-09-17,"Russia","Moscow",0,1,1,1
"632",2012-09-17,"Ukraine","Odesa",13857,3,1,0
"633",2012-09-17,"Ukraine","Simferopol",69,3,2,2
"634",2012-09-18,"Russia","Nizhny Novgorod",107,1,0,1
"635",2012-09-18,"Ukraine","Odesa",83263,1,0,0
"636",2012-09-18,"Ukraine","Simferopol",1075,3,2,1
"637",2012-09-19,"Russia","Moscow",47,1,0,1
"638",2012-09-19,"Ukraine","Kryvyi Rih",0,1,1,1
"639",2012-09-19,"Ukraine","Odesa",64832,1,0,0
"640",2012-09-19,"Ukraine","Simferopol",0,1,1,1
"641",2012-09-20,"Russia","Bryansk",0,1,1,0
"642",2012-09-20,"Russia","Magnitogorsk",314,1,0,1
"643",2012-09-20,"Ukraine","Kyiv",0,1,1,1
"644",2012-09-20,"Ukraine","Odesa",0,4,4,0
"645",2012-09-20,"Ukraine","Simferopol",12029,1,0,0
"646",2012-09-20,"Ukraine","Yevpatoriya",0,1,1,1
"647",2012-09-20,"Ukraine","Zaporizhzhia",0,1,1,0
"648",2012-09-21,"Belarus","Minsk",0,1,1,1
"649",2012-09-21,"Cyprus","Nicosia",147,1,0,1
"650",2012-09-21,"Russia","Moscow",0,1,1,1
"651",2012-09-21,"Russia","Saint Petersburg",60,1,0,1
"652",2012-09-21,"Ukraine","Dnipro",15,1,0,1
"653",2012-09-21,"Ukraine","Kharkiv",0,2,2,2
"654",2012-09-21,"Ukraine","Kyiv",86,2,1,1
"655",2012-09-21,"Ukraine","Lviv",0,1,1,1
"656",2012-09-21,"Ukraine","Odesa",623,5,2,1
"657",2012-09-21,"Ukraine","Simferopol",0,4,4,3
"658",2012-09-21,"Ukraine","Yalta",30,1,0,1
"659",2012-09-22,"Cyprus","Nicosia",0,1,1,1
"660",2012-09-22,"Russia","Moscow",7,2,1,2
"661",2012-09-22,"Russia","Tambov",149,1,0,1
"662",2012-09-22,"Russia","Yekaterinburg",0,1,1,1
"663",2012-09-22,"Ukraine","(not set)",0,1,1,0
"664",2012-09-22,"Ukraine","Dnipro",40,1,0,0
"665",2012-09-22,"Ukraine","Kharkiv",91,1,0,1
"666",2012-09-22,"Ukraine","Kyiv",0,7,7,3
"667",2012-09-22,"Ukraine","Lviv",0,1,1,1
"668",2012-09-22,"Ukraine","Simferopol",8978,9,7,4
"669",2012-09-22,"United States","Duluth",0,1,1,1
"670",2012-09-23,"Russia","Moscow",146,1,0,1
"671",2012-09-23,"Ukraine","Kharkiv",0,1,1,1
"672",2012-09-23,"Ukraine","Kyiv",0,1,1,1
"673",2012-09-23,"Ukraine","Odesa",0,2,2,1
"674",2012-09-23,"Ukraine","Simferopol",5475,4,2,3
"675",2012-09-24,"Israel","Tel Aviv-Yafo",0,1,1,1
"676",2012-09-24,"Moldova","Chisinau",0,1,1,1
"677",2012-09-24,"Russia","Ivanovo",0,1,1,1
"678",2012-09-24,"Russia","Moscow",0,3,3,3
"679",2012-09-24,"Russia","Rostov-on-Don",0,1,1,1
"680",2012-09-24,"Ukraine","(not set)",0,1,1,0
"681",2012-09-24,"Ukraine","Dnipro",0,2,2,1
"682",2012-09-24,"Ukraine","Donetsk",0,1,1,1
"683",2012-09-24,"Ukraine","Kyiv",79,5,4,4
"684",2012-09-24,"Ukraine","Lviv",0,1,1,1
"685",2012-09-24,"Ukraine","Netishyn",0,1,1,1
"686",2012-09-24,"Ukraine","Odesa",7,2,1,0
"687",2012-09-24,"Ukraine","Sevastopol",0,1,1,0
"688",2012-09-24,"Ukraine","Simferopol",11340,10,6,7
"689",2012-09-24,"Ukraine","Uzhhorod",0,1,1,1
"690",2012-09-24,"Ukraine","Zaporizhzhia",0,1,1,1
"691",2012-09-25,"Cyprus","Nicosia",0,1,1,0
"692",2012-09-25,"Russia","Belgorod",0,1,1,1
"693",2012-09-25,"Russia","Yekaterinburg",6842,1,0,1
"694",2012-09-25,"Ukraine","Dnipro",0,1,1,1
"695",2012-09-25,"Ukraine","Kyiv",0,4,4,2
"696",2012-09-25,"Ukraine","Odesa",22329,1,0,0
"697",2012-09-25,"Ukraine","Sevastopol",0,3,3,3
"698",2012-09-25,"Ukraine","Simferopol",110,4,3,3
"699",2012-09-26,"Russia","Ivanovo",1934,2,0,1
"700",2012-09-26,"Russia","Yekaterinburg",316,1,0,1
"701",2012-09-26,"Ukraine","Kharkiv",327,2,1,2
"702",2012-09-26,"Ukraine","Kyiv",0,2,2,1
"703",2012-09-26,"Ukraine","Odesa",0,2,2,0
"704",2012-09-26,"Ukraine","Simferopol",835,3,1,1
"705",2012-09-27,"Russia","Chelyabinsk",19,1,0,1
"706",2012-09-27,"Russia","Dedovsk",13,1,0,1
"707",2012-09-27,"Ukraine","Kharkiv",0,1,1,0
"708",2012-09-27,"Ukraine","Kyiv",0,1,1,1
"709",2012-09-27,"Ukraine","Nikopol'",1063,2,1,2
"710",2012-09-27,"Ukraine","Simferopol",971,4,3,1
"711",2012-09-28,"Russia","Ufa",0,1,1,1
"712",2012-09-28,"Ukraine","Brovary",0,1,1,0
"713",2012-09-28,"Ukraine","Kyiv",0,1,1,1
"714",2012-09-28,"Ukraine","Odesa",0,2,2,1
"715",2012-09-28,"Ukraine","Simferopol",129,3,2,2
"716",2012-09-28,"Ukraine","Yalta",0,1,1,1
"717",2012-09-29,"Ukraine","Donetsk",8,1,0,1
"718",2012-09-29,"Ukraine","Kyiv",0,1,1,1
"719",2012-09-29,"Ukraine","Melitopol'",0,1,1,0
"720",2012-09-30,"Ukraine","Kyiv",0,1,1,1
"721",2012-09-30,"Ukraine","Lviv",260,1,0,1
"722",2012-09-30,"Ukraine","Melitopol'",26,1,0,0
"723",2012-09-30,"Ukraine","Odesa",0,1,1,0
"724",2012-09-30,"Ukraine","Simferopol",112,2,0,1
"725",2012-10-01,"(not set)","(not set)",0,1,1,1
"726",2012-10-01,"Belarus","Bobruysk",0,1,1,1
"727",2012-10-01,"Russia","Arkhangelsk",0,1,1,1
"728",2012-10-01,"Ukraine","Dnipro",0,1,1,1
"729",2012-10-01,"Ukraine","Kyiv",0,1,1,1
"730",2012-10-01,"Ukraine","Melitopol'",1292,1,0,0
"731",2012-10-01,"Ukraine","Simferopol",0,1,1,0
"732",2012-10-02,"Russia","Kursk",0,1,1,1
"733",2012-10-02,"Russia","Lipetsk",0,1,1,1
"734",2012-10-02,"Ukraine","Kyiv",8,2,1,2
"735",2012-10-02,"Ukraine","Melitopol'",0,1,1,0
"736",2012-10-02,"Ukraine","Odesa",2781,1,0,0
"737",2012-10-02,"Ukraine","Simferopol",0,1,1,0
"738",2012-10-02,"Ukraine","Yevpatoriya",18,1,0,0
"739",2012-10-03,"Ukraine","Donetsk",1752,1,0,1
"740",2012-10-03,"Ukraine","Odesa",75806,1,0,0
"741",2012-10-04,"Ukraine","Dnipro",0,1,1,1
"742",2012-10-04,"Ukraine","Kyiv",56,1,0,1
"743",2012-10-04,"Ukraine","Odesa",85476,1,0,0
"744",2012-10-04,"Ukraine","Podilsk",10,1,0,1
"745",2012-10-04,"Ukraine","Simferopol",0,1,1,1
"746",2012-10-04,"United States","Washington",482,1,0,1
"747",2012-10-05,"New Zealand","Auckland",0,1,1,0
"748",2012-10-05,"Ukraine","Donetsk",0,1,1,1
"749",2012-10-05,"Ukraine","Kharkiv",223,1,0,1
"750",2012-10-05,"Ukraine","Kyiv",37,1,0,1
"751",2012-10-05,"Ukraine","Melitopol'",0,1,1,0
"752",2012-10-05,"Ukraine","Odesa",8149,2,0,0
"753",2012-10-05,"Ukraine","Simferopol",176,2,1,1
"754",2012-10-06,"Belarus","Minsk",0,1,1,0
"755",2012-10-07,"Russia","Tver",0,1,1,1
"756",2012-10-07,"Ukraine","(not set)",0,1,1,1
"757",2012-10-07,"Ukraine","Lviv",1161,1,0,1
"758",2012-10-07,"Ukraine","Simferopol",40470,2,1,0
"759",2012-10-08,"Russia","Kazan",0,1,1,1
"760",2012-10-08,"Ukraine","Kyiv",0,1,1,1
"761",2012-10-08,"Ukraine","Melitopol'",0,1,1,0
"762",2012-10-08,"Ukraine","Odesa",7826,1,0,0
"763",2012-10-08,"Ukraine","Simferopol",9,2,1,1
"764",2012-10-09,"Belgium","Londerzeel",0,1,1,0
"765",2012-10-09,"Russia","Kazan",0,1,1,0
"766",2012-10-09,"Russia","Saint Petersburg",3,1,0,1
"767",2012-10-09,"Ukraine","Odesa",7110,3,1,0
"768",2012-10-09,"Ukraine","Simferopol",15,2,0,1
"769",2012-10-10,"Russia","Lipetsk",0,1,1,1
"770",2012-10-10,"Russia","Yekaterinburg",0,2,2,2
"771",2012-10-10,"Ukraine","Kharkiv",0,1,1,1
"772",2012-10-10,"Ukraine","Kyiv",5,1,0,1
"773",2012-10-10,"Ukraine","Lviv",33,1,0,1
"774",2012-10-10,"Ukraine","Odesa",6805,3,2,0
"775",2012-10-10,"Ukraine","Simferopol",312,1,0,1
"776",2012-10-11,"Russia","Moscow",0,1,1,1
"777",2012-10-11,"Ukraine","Kharkiv",0,1,1,1
"778",2012-10-11,"Ukraine","Kyiv",80,3,1,2
"779",2012-10-11,"Ukraine","Odesa",17248,1,0,0
"780",2012-10-11,"Ukraine","Simferopol",10085,4,2,3
"781",2012-10-11,"Ukraine","Yevpatoriya",0,1,1,1
"782",2012-10-11,"Ukraine","Zaporizhzhia",0,1,1,1
"783",2012-10-12,"(not set)","(not set)",14,1,0,1
"784",2012-10-12,"Russia","Moscow",0,1,1,1
"785",2012-10-12,"Ukraine","Simferopol",5451,2,0,0
"786",2012-10-13,"Russia","Bryansk",0,1,1,1
"787",2012-10-13,"Ukraine","Simferopol",203,3,2,2
"788",2012-10-14,"Russia","Yekaterinburg",0,2,2,2
"789",2012-10-14,"Ukraine","Dnipro",213,1,0,1
"790",2012-10-14,"Ukraine","Kyiv",45,1,0,1
"791",2012-10-14,"Ukraine","Melitopol'",0,1,1,0
"792",2012-10-14,"Ukraine","Simferopol",0,1,1,1
"793",2012-10-15,"Russia","Moscow",0,1,1,1
"794",2012-10-15,"Ukraine","Melitopol'",48712,1,0,0
"795",2012-10-15,"Ukraine","Simferopol",215,3,0,3
"796",2012-10-16,"Ukraine","Kharkiv",790,3,1,3
"797",2012-10-16,"Ukraine","Kyiv",0,2,2,1
"798",2012-10-16,"Ukraine","Melitopol'",0,2,2,0
"799",2012-10-16,"Ukraine","Odesa",10645,2,1,0
"800",2012-10-16,"Ukraine","Simferopol",4371,2,1,1
"801",2012-10-17,"Ukraine","Melitopol'",0,1,1,0
"802",2012-10-17,"Ukraine","Odesa",0,3,3,0
"803",2012-10-18,"Ukraine","(not set)",0,1,1,0
"804",2012-10-18,"Ukraine","Kyiv",264,2,1,2
"805",2012-10-18,"Ukraine","Simferopol",170,2,1,1
"806",2012-10-18,"Ukraine","Uzhhorod",0,1,1,0
"807",2012-10-19,"(not set)","(not set)",0,1,1,1
"808",2012-10-19,"Russia","Saint Petersburg",0,1,1,1
"809",2012-10-19,"Ukraine","Kharkiv",0,1,1,1
"810",2012-10-19,"Ukraine","Krasnohvardiis'ke",2307,2,0,1
"811",2012-10-19,"Ukraine","Kyiv",82,1,0,1
"812",2012-10-19,"Ukraine","Melitopol'",0,1,1,0
"813",2012-10-19,"Ukraine","Sevastopol",46,1,0,1
"814",2012-10-19,"Ukraine","Uzhhorod",0,1,1,0
"815",2012-10-20,"Ukraine","Krasnohvardiis'ke",76,3,1,0
"816",2012-10-20,"Ukraine","Melitopol'",0,1,1,0
"817",2012-10-20,"Ukraine","Simferopol",0,2,2,2
"818",2012-10-21,"Russia","Murmansk",11,1,0,1
"819",2012-10-21,"Russia","Saint Petersburg",0,1,1,1
"820",2012-10-21,"Ukraine","Kyiv",0,1,1,0
"821",2012-10-21,"Ukraine","Simferopol",0,2,2,0
"822",2012-10-22,"Ukraine","Dnipro",122,1,0,1
"823",2012-10-22,"Ukraine","Melitopol'",0,1,1,0
"824",2012-10-22,"Ukraine","Simferopol",41450,1,0,0
"825",2012-10-22,"Ukraine","Uzhhorod",6414,1,0,0
"826",2012-10-22,"Ukraine","Zaporizhzhia",0,1,1,0
"827",2012-10-23,"(not set)","(not set)",0,1,1,1
"828",2012-10-23,"Russia","Moscow",7,1,0,1
"829",2012-10-23,"Ukraine","Dnipro",960,1,0,1
"830",2012-10-23,"Ukraine","Lviv",0,1,1,0
"831",2012-10-23,"Ukraine","Melitopol'",0,2,2,0
"832",2012-10-24,"Ukraine","Donetsk",0,1,1,1
"833",2012-10-24,"Ukraine","Melitopol'",15737,2,1,0
"834",2012-10-24,"Ukraine","Odesa",0,1,1,1
"835",2012-10-25,"Ukraine","Melitopol'",0,1,1,0
"836",2012-10-25,"Ukraine","Odesa",81798,1,0,0
"837",2012-10-25,"Ukraine","Simferopol",2639,4,3,0
"838",2012-10-26,"Belarus","(not set)",0,1,1,1
"839",2012-10-26,"Russia","Cherepovets",0,1,1,1
"840",2012-10-26,"Ukraine","(not set)",0,2,2,2
"841",2012-10-26,"Ukraine","Feodosiya",0,1,1,1
"842",2012-10-26,"Ukraine","Odesa",16385,1,0,0
"843",2012-10-26,"Ukraine","Simferopol",0,4,4,2
"844",2012-10-28,"Ukraine","Melitopol'",953,1,0,0
"845",2012-10-28,"Ukraine","Simferopol",849,3,1,1
"846",2012-10-29,"Ukraine","Odesa",14142,1,0,0
"847",2012-10-30,"Russia","Moscow",0,1,1,1
"848",2012-10-30,"Ukraine","Dnipro",73,1,0,1
"849",2012-10-30,"Ukraine","Nikopol'",0,2,2,1
"850",2012-10-30,"Ukraine","Odesa",0,3,3,1
"851",2012-10-31,"(not set)","(not set)",0,1,1,1
"852",2012-10-31,"Russia","Lipetsk",0,1,1,0
"853",2012-10-31,"Russia","Yekaterinburg",0,1,1,1
"854",2012-10-31,"Ukraine","Dnipro",30,1,0,1
"855",2012-10-31,"Ukraine","Lviv",0,1,1,1
"856",2012-10-31,"Ukraine","Odesa",116,5,4,3
"857",2012-10-31,"Ukraine","Simferopol",682,3,2,3
"858",2012-11-01,"Ukraine","Odesa",1761,3,1,0
"859",2012-11-01,"Ukraine","Simferopol",160,1,0,1
"860",2012-12-20,"Russia","Dimitrovgrad",0,1,1,1
"861",2012-12-20,"Russia","Nizhny Tagil",0,1,1,1
"862",2012-12-20,"Russia","Ufa",0,1,1,1
"863",2012-12-20,"Ukraine","Simferopol",2273,4,2,1
"864",2012-12-21,"Ukraine","Melitopol'",0,1,1,1
"865",2012-12-23,"Portugal","Portimao",18,1,0,1
"866",2012-12-23,"Russia","Kostroma",178,1,0,1
"867",2012-12-23,"Ukraine","Simferopol",0,2,2,0
"868",2012-12-24,"Ukraine","Odesa",184,1,0,1
"869",2012-12-25,"Ukraine","Kerch",0,1,1,1
"870",2012-12-25,"Ukraine","Kyiv",6,2,1,2
"871",2012-12-25,"Ukraine","Odesa",0,1,1,0
"872",2012-12-26,"Ukraine","Melitopol'",0,1,1,0
"873",2012-12-26,"Ukraine","Sevastopol",0,1,1,1
"874",2012-12-26,"Ukraine","Simferopol",195,1,0,1
"875",2012-12-27,"Poland","Krakow",64,1,0,1
"876",2012-12-27,"Ukraine","Dnipro",0,2,2,2
"877",2012-12-27,"Ukraine","Odesa",0,1,1,0
"878",2012-12-27,"Ukraine","Simferopol",40,1,0,1
"879",2012-12-28,"Russia","Saint Petersburg",9,1,0,1
"880",2012-12-28,"Ukraine","(not set)",0,2,2,1
"881",2012-12-28,"Ukraine","Odesa",0,1,1,1
"882",2012-12-29,"Ukraine","Simferopol",0,2,2,1
"883",2012-12-30,"Ukraine","Simferopol",65,2,1,0
"884",2012-12-31,"Ukraine","Dnipro",277,1,0,1
"885",2012-12-31,"Ukraine","Melitopol'",0,1,1,0
"886",2012-12-31,"Ukraine","Simferopol",0,1,1,0
"887",2013-01-01,"Ukraine","Simferopol",0,2,2,2
"888",2013-01-02,"Ukraine","Kyiv",0,1,1,1
"889",2013-01-02,"Ukraine","Simferopol",218,4,3,1
"890",2013-01-03,"Turkey","Istanbul",64,1,0,1
"891",2013-01-03,"Ukraine","Chernihiv",0,2,2,2
"892",2013-01-03,"Ukraine","Kharkiv",0,1,1,1
"893",2013-01-03,"Ukraine","Melitopol'",0,1,1,0
"894",2013-01-03,"Ukraine","Odesa",7,3,2,0
"895",2013-01-04,"Russia","Sochi",0,1,1,1
"896",2013-01-04,"Ukraine","Chernihiv",0,1,1,0
"897",2013-01-04,"Ukraine","Kharkiv",0,2,2,1
"898",2013-01-04,"Ukraine","Kyiv",157,2,0,2
"899",2013-01-04,"Ukraine","Lviv",123,1,0,1
"900",2013-01-04,"Ukraine","Odesa",0,1,1,0
"901",2013-01-04,"Ukraine","Simferopol",0,2,2,1
"902",2013-01-05,"Estonia","Tallinn",0,1,1,1
"903",2013-01-05,"Russia","Perm",246,1,0,1
"904",2013-01-05,"Ukraine","Simferopol",0,1,1,0
"905",2013-01-05,"Ukraine","Vinnytsia",594,1,0,1
"906",2013-01-06,"Russia","Vladimir",55,1,0,1
"907",2013-01-06,"Ukraine","Odesa",0,1,1,1
"908",2013-01-06,"Ukraine","Simferopol",0,3,3,1
"909",2013-01-07,"(not set)","(not set)",0,1,1,1
"910",2013-01-07,"Belarus","Minsk",0,1,1,1
"911",2013-01-07,"Belgium","Brussels",0,1,1,1
"912",2013-01-07,"Cyprus","Nicosia",777,3,0,1
"913",2013-01-07,"Russia","Moscow",401,3,1,3
"914",2013-01-07,"Russia","Pushkino",5,1,0,1
"915",2013-01-07,"Thailand","Mueang Chachoengsao District",0,1,1,1
"916",2013-01-07,"Ukraine","(not set)",16,2,1,1
"917",2013-01-07,"Ukraine","Dnipro",874,3,2,2
"918",2013-01-07,"Ukraine","Kharkiv",14,2,1,2
"919",2013-01-07,"Ukraine","Kyiv",397,10,7,8
"920",2013-01-07,"Ukraine","Lviv",0,1,1,1
"921",2013-01-07,"Ukraine","Melitopol'",0,1,1,0
"922",2013-01-07,"Ukraine","Odesa",68,4,3,4
"923",2013-01-07,"Ukraine","Simferopol",53197,31,15,23
"924",2013-01-07,"Ukraine","Yalta",0,1,1,1
"925",2013-01-07,"United States","Duluth",253,5,3,1
"926",2013-01-08,"(not set)","(not set)",296,1,0,1
"927",2013-01-08,"Brazil","Pelotas",0,1,1,0
"928",2013-01-08,"Cyprus","Nicosia",62,1,0,1
"929",2013-01-08,"Germany","Berlin",0,1,1,1
"930",2013-01-08,"Russia","Saint Petersburg",258,2,1,2
"931",2013-01-08,"Ukraine","(not set)",0,1,1,1
"932",2013-01-08,"Ukraine","Dnipro",7,1,0,0
"933",2013-01-08,"Ukraine","Kharkiv",0,1,1,0
"934",2013-01-08,"Ukraine","Kyiv",4,2,1,2
"935",2013-01-08,"Ukraine","Odesa",0,3,3,0
"936",2013-01-08,"Ukraine","Simferopol",1587,6,3,6
"937",2013-01-08,"Ukraine","Uzhhorod",401,2,0,1
"938",2013-01-09,"Russia","Perm",0,1,1,1
"939",2013-01-09,"Ukraine","Kyiv",0,1,1,1
"940",2013-01-09,"Ukraine","Simferopol",0,3,3,1
"941",2013-01-09,"Ukraine","Uzhhorod",120,1,0,1
"942",2013-01-09,"Ukraine","Yevpatoriya",0,1,1,1
"943",2013-01-09,"Ukraine","Zaporizhzhia",0,1,1,0
"944",2013-01-10,"Ukraine","Odesa",0,1,1,0
"945",2013-01-10,"Ukraine","Simferopol",436,5,4,3
"946",2013-01-10,"Ukraine","Yevpatoriya",0,1,1,1
"947",2013-01-10,"Ukraine","Zaporizhzhia",0,1,1,1
"948",2013-01-11,"Brazil","Pelotas",0,1,1,0
"949",2013-01-11,"Ukraine","Kryvyi Rih",0,1,1,1
"950",2013-01-11,"Ukraine","Kyiv",0,1,1,1
"951",2013-01-11,"Ukraine","Odesa",13,3,2,1
"952",2013-01-12,"Ukraine","Kryvyi Rih",0,1,1,1
"953",2013-01-12,"Ukraine","Kyiv",24,1,0,0
"954",2013-01-12,"Ukraine","Simferopol",376,2,1,0
"955",2013-01-13,"Russia","Dedovsk",120,1,0,1
"956",2013-01-13,"Russia","Moscow",551,1,0,1
"957",2013-01-13,"Ukraine","Simferopol",1,7,6,4
"958",2013-01-14,"Italy","Turin",0,1,1,1
"959",2013-01-14,"Ukraine","Simferopol",6,3,2,1
"960",2013-01-14,"Ukraine","Uzhhorod",196,2,0,0
"961",2013-01-14,"Ukraine","Vinnytsia",0,1,1,0
"962",2013-01-14,"Ukraine","Zaporizhzhia",0,1,1,0
"963",2013-01-15,"Germany","Coesfeld",1251,1,0,1
"964",2013-01-15,"Russia","Chelyabinsk",0,1,1,1
"965",2013-01-15,"Russia","Saint Petersburg",737,2,1,1
"966",2013-01-15,"Ukraine","Dnipro",22,1,0,1
"967",2013-01-15,"Ukraine","Kerch",0,1,1,1
"968",2013-01-15,"Ukraine","Kovel'",0,1,1,1
"969",2013-01-15,"Ukraine","Kyiv",225,1,0,1
"970",2013-01-15,"Ukraine","Melitopol'",0,1,1,0
"971",2013-01-15,"Ukraine","Uzhhorod",0,1,1,0
"972",2013-01-16,"Russia","Podolsk",4,1,0,1
"973",2013-01-16,"Slovakia","Bratislava",0,2,2,1
"974",2013-01-16,"Ukraine","(not set)",0,1,1,0
"975",2013-01-16,"Ukraine","Kharkiv",1034,3,2,3
"976",2013-01-16,"Ukraine","Kovel'",68,1,0,1
"977",2013-01-16,"Ukraine","Kyiv",0,3,3,2
"978",2013-01-16,"Ukraine","Lviv",95,1,0,1
"979",2013-01-16,"Ukraine","Simferopol",0,3,3,1
"980",2013-01-16,"Ukraine","Uzhhorod",526,4,2,1
"981",2013-01-17,"Russia","Lipetsk",0,1,1,1
"982",2013-01-17,"Russia","Yekaterinburg",0,2,2,1
"983",2013-01-17,"Ukraine","Dnipro",0,1,1,1
"984",2013-01-17,"Ukraine","Kyiv",152,1,0,1
"985",2013-01-17,"Ukraine","Melitopol'",0,1,1,0
"986",2013-01-17,"Ukraine","Odesa",0,2,2,1
"987",2013-01-17,"Ukraine","Simferopol",1334,2,0,1
"988",2013-01-17,"Ukraine","Zaporizhzhia",0,2,2,0
"989",2013-01-18,"Ukraine","Odesa",0,1,1,1
"990",2013-01-18,"Ukraine","Simferopol",0,2,2,2
"991",2013-01-18,"Ukraine","Uzhhorod",59,2,1,1
"992",2013-01-19,"Russia","Moscow",0,1,1,1
"993",2013-01-19,"Russia","Saint Petersburg",8,1,0,1
"994",2013-01-19,"Ukraine","Dnipro",83,1,0,1
"995",2013-01-19,"Ukraine","Simferopol",157,1,0,1
"996",2013-01-20,"Ukraine","Kyiv",3768,1,0,1
"997",2013-01-20,"Ukraine","Odesa",1253,1,0,0
"998",2013-01-20,"Ukraine","Simferopol",194,3,2,1
"999",2013-01-21,"(not set)","(not set)",0,1,1,0
"1000",2013-01-21,"Latvia","Riga",0,1,1,1
"1001",2013-01-21,"Russia","Belgorod",0,1,1,1
"1002",2013-01-21,"Ukraine","Simferopol",0,2,2,1
"1003",2013-01-21,"Ukraine","Uzhhorod",0,1,1,1
"1004",2013-01-22,"Russia","Magadan",0,1,1,1
"1005",2013-01-22,"Ukraine","Kyiv",0,1,1,1
"1006",2013-01-22,"Ukraine","Melitopol'",0,1,1,0
"1007",2013-01-22,"Ukraine","Mukachevo",0,1,1,0
"1008",2013-01-22,"Ukraine","Simferopol",14,3,2,0
"1009",2013-01-22,"Ukraine","Uzhhorod",463,2,1,1
"1010",2013-01-22,"Ukraine","Zaporizhzhia",254,1,0,1
"1011",2013-01-23,"Ukraine","Kharkiv",179,1,0,1
"1012",2013-01-23,"Ukraine","Mukachevo",0,1,1,0
"1013",2013-01-23,"Ukraine","Simferopol",0,1,1,0
"1014",2013-01-23,"Ukraine","Uzhhorod",465,1,0,1
"1015",2013-01-24,"Ukraine","Dnipro",967,2,1,2
"1016",2013-01-24,"Ukraine","Kharkiv",0,1,1,1
"1017",2013-01-24,"Ukraine","Kyiv",904,1,0,1
"1018",2013-01-24,"Ukraine","Simferopol",0,3,3,1
"1019",2013-01-25,"Ukraine","Simferopol",0,6,6,3
"1020",2013-01-26,"(not set)","(not set)",0,1,1,1
"1021",2013-01-26,"Ukraine","Mykolaiv",0,1,1,1
"1022",2013-01-27,"Ukraine","(not set)",59,1,0,0
"1023",2013-01-27,"Ukraine","Simferopol",0,2,2,0
"1024",2013-01-28,"Ukraine","Melitopol'",0,1,1,0
"1025",2013-01-29,"Ukraine","Simferopol",1126,4,3,2
"1026",2013-01-30,"Ukraine","Chernihiv",1170,3,2,2
"1027",2013-01-30,"Ukraine","Odesa",0,1,1,0
"1028",2013-01-31,"Ukraine","Simferopol",0,4,4,1
"1029",2013-01-31,"Ukraine","Uzhhorod",0,1,1,1
"1030",2013-02-01,"Ukraine","Izmail",0,1,1,1
"1031",2013-02-01,"Ukraine","Simferopol",0,2,2,0
"1032",2013-02-01,"Ukraine","Uzhhorod",0,2,2,1
"1033",2013-02-02,"Ukraine","Simferopol",0,1,1,0
"1034",2013-02-03,"(not set)","(not set)",0,1,1,1
"1035",2013-02-03,"Ukraine","Kyiv",0,1,1,1
"1036",2013-02-03,"Ukraine","Lviv",288,2,0,1
"1037",2013-02-04,"Ukraine","Kyiv",172,1,0,0
"1038",2013-02-05,"Russia","Saint Petersburg",675,1,0,1
"1039",2013-02-05,"Ukraine","Melitopol'",0,2,2,1
"1040",2013-02-06,"Russia","Moscow",0,1,1,1
"1041",2013-02-07,"Russia","Kirov",0,1,1,1
"1042",2013-02-07,"Russia","Saint Petersburg",0,1,1,1
"1043",2013-02-07,"Ukraine","Dnipro",0,1,1,1
"1044",2013-02-07,"Ukraine","Kyiv",0,1,1,0
"1045",2013-02-07,"Ukraine","Odesa",0,1,1,0
"1046",2013-02-08,"Ukraine","Simferopol",0,1,1,0
"1047",2013-02-09,"Russia","Moscow",0,1,1,1
"1048",2013-02-09,"Russia","Saint Petersburg",143,1,0,1
"1049",2013-02-09,"Ukraine","Feodosiya",0,1,1,1
"1050",2013-02-09,"Ukraine","Luhansk",139,1,0,0
"1051",2013-02-10,"Russia","Saint Petersburg",0,1,1,1
"1052",2013-02-10,"Ukraine","Chernihiv",0,2,2,0
"1053",2013-02-10,"Ukraine","Simferopol",428,5,3,1
"1054",2013-02-11,"Russia","Kazan",0,1,1,1
"1055",2013-02-11,"Ukraine","Melitopol'",0,1,1,0
"1056",2013-02-11,"Ukraine","Rivne",0,1,1,1
"1057",2013-02-11,"Ukraine","Simferopol",14,3,2,0
"1058",2013-02-12,"Russia","Moscow",0,1,1,1
"1059",2013-02-12,"Ukraine","Dnipro",0,1,1,1
"1060",2013-02-12,"Ukraine","Kyiv",0,3,3,3
"1061",2013-02-12,"Ukraine","Odesa",598,2,1,1
"1062",2013-02-12,"Ukraine","Sumy",0,1,1,1
"1063",2013-02-12,"Ukraine","Uzhhorod",0,1,1,1
"1064",2013-02-13,"Ukraine","(not set)",0,1,1,0
"1065",2013-02-13,"Ukraine","Donetsk",0,1,1,1
"1066",2013-02-13,"Ukraine","Lviv",0,1,1,0
"1067",2013-02-13,"Ukraine","Odesa",0,1,1,0
"1068",2013-02-13,"Ukraine","Simferopol",8684,5,4,4
"1069",2013-02-14,"Russia","Moscow",0,1,1,0
"1070",2013-02-14,"Russia","Pyatigorsk",0,1,1,1
"1071",2013-02-14,"Ukraine","Donetsk",0,1,1,0
"1072",2013-02-14,"Ukraine","Kharkiv",912,1,0,1
"1073",2013-02-14,"Ukraine","Simferopol",0,3,3,3
"1074",2013-02-15,"Ukraine","Kharkiv",0,1,1,1
"1075",2013-02-15,"Ukraine","Myrnohrad",0,1,1,0
"1076",2013-02-15,"Ukraine","Odesa",0,1,1,0
"1077",2013-02-15,"Ukraine","Simferopol",542,1,0,0
"1078",2013-02-16,"Ukraine","Simferopol",51,3,2,2
"1079",2013-02-17,"Ukraine","Kyiv",0,1,1,0
"1080",2013-02-17,"Ukraine","Simferopol",3,3,2,1
"1081",2013-02-17,"Ukraine","Vinnytsia",0,1,1,0
"1082",2013-02-18,"Ukraine","Odesa",7,4,3,0
"1083",2013-02-18,"Ukraine","Simferopol",12,3,2,1
"1084",2013-02-19,"Sweden","Stockholm",1363,3,2,3
"1085",2013-02-19,"Ukraine","(not set)",0,1,1,1
"1086",2013-02-20,"Switzerland","Marbach",8,1,0,1
"1087",2013-02-20,"Ukraine","Odesa",3,3,2,0
"1088",2013-02-21,"Ukraine","Kyiv",0,2,2,1
"1089",2013-02-22,"Russia","Saint Petersburg",6308,2,0,2
"1090",2013-02-22,"Ukraine","Odesa",527,1,0,0
"1091",2013-02-22,"Ukraine","Simferopol",93,1,0,0
"1092",2013-02-23,"Ukraine","Kropyvnytskyi",0,1,1,1
"1093",2013-02-23,"Ukraine","Kyiv",0,1,1,0
"1094",2013-02-24,"Ukraine","Odesa",0,1,1,0
"1095",2013-02-24,"Ukraine","Sevastopol",0,1,1,1
"1096",2013-02-24,"Ukraine","Simferopol",0,1,1,0
"1097",2013-02-25,"Ukraine","(not set)",0,1,1,0
"1098",2013-02-25,"Ukraine","Odesa",0,2,2,0
"1099",2013-02-25,"Ukraine","Simferopol",0,1,1,1
"1100",2013-02-26,"Russia","Novokuznetsk",0,1,1,1
"1101",2013-02-26,"Ukraine","Odesa",0,2,2,0
"1102",2013-02-26,"Ukraine","Simferopol",0,2,2,2
"1103",2013-02-27,"(not set)","(not set)",0,1,1,1
"1104",2013-02-27,"Ukraine","Melitopol'",126,1,0,1
"1105",2013-02-27,"Ukraine","Odesa",0,1,1,0
"1106",2013-02-28,"Ukraine","(not set)",34,1,0,0
"1107",2013-02-28,"Ukraine","Melitopol'",0,1,1,0
"1108",2013-03-01,"Ukraine","Kharkiv",0,1,1,0
"1109",2013-03-02,"Russia","Tyumen",0,1,1,1
"1110",2013-03-02,"Ukraine","Simferopol",0,1,1,0
"1111",2013-03-03,"Ukraine","Kyiv",0,2,2,1
"1112",2013-03-03,"Ukraine","Odesa",0,1,1,0
"1113",2013-03-03,"Ukraine","Simferopol",0,2,2,0
"1114",2013-03-04,"Russia","Tomsk",0,1,1,1
"1115",2013-03-04,"Ukraine","Odesa",0,1,1,0
"1116",2013-03-04,"Ukraine","Simferopol",1082,5,2,2
"1117",2013-03-05,"Germany","Heidelberg",0,1,1,1
"1118",2013-03-05,"Ukraine","Simferopol",1040,2,1,0
"1119",2013-03-05,"Ukraine","Zhytomyr",0,1,1,1
"1120",2013-03-06,"Ukraine","Kyiv",0,1,1,1
"1121",2013-03-06,"Ukraine","Odesa",0,1,1,1
"1122",2013-03-06,"Ukraine","Simferopol",81,4,3,2
"1123",2013-03-06,"Ukraine","Zaporizhzhia",0,1,1,1
"1124",2013-03-07,"(not set)","(not set)",0,1,1,1
"1125",2013-03-07,"Russia","Smolensk",0,1,1,1
"1126",2013-03-07,"Ukraine","Lviv",0,1,1,1
"1127",2013-03-07,"Ukraine","Melitopol'",0,1,1,0
"1128",2013-03-07,"United Kingdom","London",426,1,0,1
"1129",2013-03-08,"Czechia","Prague",975,1,0,1
"1130",2013-03-08,"Ukraine","Kyiv",0,1,1,1
"1131",2013-03-08,"Ukraine","Melitopol'",0,1,1,0
"1132",2013-03-09,"Ukraine","Simferopol",0,3,3,2
"1133",2013-03-10,"Ukraine","Kyiv",31,1,0,1
"1134",2013-03-10,"Ukraine","Simferopol",12311,4,3,1
"1135",2013-03-11,"Ukraine","Kherson",0,1,1,0
"1136",2013-03-12,"Ukraine","Luhansk",394,1,0,1
"1137",2013-03-12,"Ukraine","Odesa",2779,2,1,0
"1138",2013-03-12,"Ukraine","Simferopol",0,3,3,2
"1139",2013-03-12,"United States","Sammamish",257,1,0,1
"1140",2013-03-13,"Ukraine","(not set)",305,1,0,1
"1141",2013-03-13,"Ukraine","Odesa",0,2,2,1
"1142",2013-03-14,"Ukraine","Kyiv",0,1,1,0
"1143",2013-03-15,"Ukraine","Dnipro",91,3,1,2
"1144",2013-03-15,"Ukraine","Kerch",278,1,0,1
"1145",2013-03-15,"Ukraine","Kyiv",0,1,1,0
"1146",2013-03-15,"Ukraine","Uzhhorod",0,1,1,0
"1147",2013-03-16,"Ukraine","Kharkiv",0,2,2,2
"1148",2013-03-16,"Ukraine","Simferopol",0,1,1,1
"1149",2013-03-17,"New Zealand","Auckland",0,1,1,0
"1150",2013-03-17,"Russia","Vladivostok",0,1,1,1
"1151",2013-03-17,"Ukraine","Simferopol",0,1,1,0
"1152",2013-03-18,"Russia","Moscow",0,1,1,1
"1153",2013-03-18,"Russia","Saint Petersburg",80,1,0,0
"1154",2013-03-18,"Ukraine","Lviv",0,1,1,0
"1155",2013-03-18,"Ukraine","Odesa",0,2,2,1
"1156",2013-03-18,"Ukraine","Uzhhorod",0,1,1,1
"1157",2013-03-19,"Ukraine","Cherkasy",206,1,0,1
"1158",2013-03-19,"Ukraine","Simferopol",0,2,2,0
"1159",2013-03-20,"Ukraine","Kyiv",0,1,1,1
"1160",2013-03-20,"Ukraine","Odesa",0,1,1,0
"1161",2013-03-20,"Ukraine","Sevastopol",1777,1,0,1
"1162",2013-03-20,"Ukraine","Simferopol",0,1,1,1
"1163",2013-03-21,"Ukraine","Melitopol'",0,1,1,0
"1164",2013-03-21,"Ukraine","Odesa",0,1,1,0
"1165",2013-03-21,"Ukraine","Simferopol",124,3,2,3
"1166",2013-03-22,"Russia","Rostov-on-Don",123,1,0,1
"1167",2013-03-22,"Ukraine","Donetsk",0,1,1,1
"1168",2013-03-22,"Ukraine","Simferopol",14,1,0,0
"1169",2013-03-22,"Ukraine","Uzhhorod",0,2,2,1
"1170",2013-03-22,"Ukraine","Yalta",0,1,1,1
"1171",2013-03-23,"Ukraine","Bakhchysarai",0,1,1,1
"1172",2013-03-23,"Ukraine","Dnipro",180,1,0,1
"1173",2013-03-23,"Ukraine","Kyiv",0,1,1,0
"1174",2013-03-23,"Ukraine","Sevastopol",0,1,1,1
"1175",2013-03-24,"Ukraine","Odesa",0,1,1,1
"1176",2013-03-24,"Ukraine","Simferopol",1051,1,0,1
"1177",2013-03-25,"Kyrgyzstan","Bishkek",0,1,1,1
"1178",2013-03-25,"Russia","Novosibirsk",50,1,0,1
"1179",2013-03-25,"Ukraine","Odesa",0,1,1,0
"1180",2013-03-26,"Czechia","Prague",0,1,1,1
"1181",2013-03-26,"Russia","Voronezh",0,1,1,1
"1182",2013-03-27,"Ukraine","Simferopol",0,1,1,0
"1183",2013-03-28,"Belgium","Ghent",0,1,1,1
"1184",2013-03-28,"Ukraine","Kyiv",42,1,0,1
"1185",2013-03-28,"Ukraine","Simferopol",59,3,2,0
"1186",2013-03-29,"Ukraine","Dnipro",14,1,0,1
"1187",2013-03-29,"Ukraine","Kyiv",0,1,1,1
"1188",2013-03-29,"Ukraine","Simferopol",0,2,2,1
"1189",2013-03-30,"Ukraine","Simferopol",2,3,2,2
"1190",2013-03-31,"Ukraine","Donetsk",0,1,1,1
"1191",2013-03-31,"Ukraine","Simferopol",0,2,2,1
"1192",2013-04-01,"Ukraine","Kharkiv",170,1,0,1
"1193",2013-04-01,"Ukraine","Kryvyi Rih",0,1,1,1
"1194",2013-04-01,"Ukraine","Kyiv",0,1,1,0
"1195",2013-04-02,"Ukraine","Donetsk",0,1,1,1
"1196",2013-04-02,"Ukraine","Kharkiv",0,1,1,1
"1197",2013-04-02,"Ukraine","Melitopol'",0,1,1,0
"1198",2013-04-02,"Ukraine","Simferopol",470,2,1,1
"1199",2013-04-03,"Ukraine","Simferopol",621,1,0,0
"1200",2013-04-05,"Ukraine","Simferopol",0,1,1,0
"1201",2013-04-06,"Russia","Saint Petersburg",749,3,2,2
"1202",2013-04-06,"Ukraine","Simferopol",0,1,1,1
"1203",2013-04-07,"Ukraine","Sevastopol",0,1,1,1
"1204",2013-04-07,"Ukraine","Simferopol",1092,4,3,3
"1205",2013-04-08,"Israel","Jerusalem",0,1,1,1
"1206",2013-04-08,"Lithuania","Kaunas",0,1,1,1
"1207",2013-04-08,"Russia","Moscow",0,4,4,3
"1208",2013-04-08,"Ukraine","Kyiv",0,1,1,1
"1209",2013-04-08,"Ukraine","Simferopol",986,4,2,1
"1210",2013-04-09,"Ukraine","Dnipro",0,1,1,1
"1211",2013-04-09,"Ukraine","Kyiv",32,7,6,3
"1212",2013-04-09,"Ukraine","Simferopol",8,1,0,1
"1213",2013-04-10,"Russia","Moscow",0,1,1,1
"1214",2013-04-10,"Ukraine","Kyiv",21,2,1,0
"1215",2013-04-11,"Ukraine","Kyiv",0,1,1,0
"1216",2013-04-11,"Ukraine","Odesa",3,2,1,1
"1217",2013-04-11,"Ukraine","Simferopol",0,3,3,1
"1218",2013-04-12,"Ukraine","Odesa",90,3,1,3
"1219",2013-04-13,"Ukraine","Kyiv",0,1,1,0
"1220",2013-04-13,"Ukraine","Simferopol",0,3,3,1
"1221",2013-04-14,"Ukraine","Kyiv",0,1,1,0
"1222",2013-04-14,"Ukraine","Lviv",0,1,1,1
"1223",2013-04-14,"Ukraine","Simferopol",46,2,1,2
"1224",2013-04-15,"Russia","Yekaterinburg",30,1,0,1
"1225",2013-04-15,"Ukraine","Kyiv",0,1,1,0
"1226",2013-04-15,"Ukraine","Melitopol'",0,1,1,0
"1227",2013-04-15,"Ukraine","Simferopol",5,5,4,1
"1228",2013-04-16,"Ukraine","Kyiv",0,1,1,1
"1229",2013-04-16,"Ukraine","Simferopol",0,2,2,1
"1230",2013-04-17,"Netherlands","(not set)",0,2,2,2
"1231",2013-04-17,"Ukraine","Lviv",0,1,1,1
"1232",2013-04-17,"Ukraine","Odesa",1238,2,1,0
"1233",2013-04-18,"Belarus","Minsk",0,1,1,0
"1234",2013-04-18,"Ukraine","Kyiv",0,3,3,1
"1235",2013-04-18,"Ukraine","Simferopol",0,3,3,1
"1236",2013-04-19,"Ukraine","Kharkiv",0,3,3,3
"1237",2013-04-19,"Ukraine","Mukachevo",0,1,1,1
"1238",2013-04-19,"Ukraine","Simferopol",0,1,1,0
"1239",2013-04-20,"Ukraine","Simferopol",0,2,2,0
"1240",2013-04-21,"Ukraine","Simferopol",1450,2,1,0
"1241",2013-04-22,"Ukraine","Melitopol'",0,3,3,0
"1242",2013-04-23,"Russia","Volgograd",0,1,1,1
"1243",2013-04-23,"Ukraine","Lviv",1504,2,1,2
"1244",2013-04-23,"Ukraine","Melitopol'",0,2,2,0
"1245",2013-04-24,"Ukraine","Simferopol",0,1,1,1
"1246",2013-04-25,"Russia","Chelyabinsk",0,1,1,1
"1247",2013-04-25,"Ukraine","Alushta",0,2,2,1
"1248",2013-04-25,"Ukraine","Mariupol'",0,1,1,1
"1249",2013-04-25,"Ukraine","Odesa",0,1,1,0
"1250",2013-04-26,"Ukraine","Kharkiv",0,2,2,2
"1251",2013-04-26,"Ukraine","Melitopol'",0,1,1,0
"1252",2013-04-26,"Ukraine","Odesa",0,1,1,0
"1253",2013-04-28,"Ukraine","Kyiv",0,1,1,1
"1254",2013-04-28,"Ukraine","Simferopol",131,2,1,1
"1255",2013-04-29,"Russia","Moscow",0,1,1,1
"1256",2013-04-29,"Russia","Omsk",93,1,0,1
"1257",2013-04-30,"Russia","Saint Petersburg",0,1,1,0
"1258",2013-04-30,"Russia","Stavropol",0,1,1,1
"1259",2013-04-30,"Russia","Ufa",0,1,1,1
"1260",2013-04-30,"Ukraine","Kyiv",1121,2,0,0
"1261",2013-04-30,"Ukraine","Odesa",58,3,2,2
"1262",2013-05-02,"Russia","Novosibirsk",0,1,1,1
"1263",2013-05-02,"Ukraine","Simferopol",61,2,1,1
"1264",2013-05-03,"Ukraine","Odesa",0,1,1,1
"1265",2013-05-03,"Ukraine","Simferopol",0,1,1,0
"1266",2013-05-04,"Ukraine","Dnipro",547,1,0,1
"1267",2013-05-04,"Ukraine","Simferopol",6,2,1,0
"1268",2013-05-04,"United States","(not set)",29,1,0,1
"1269",2013-05-05,"Ukraine","Simferopol",0,1,1,0
"1270",2013-05-06,"Russia","Yekaterinburg",0,1,1,1
"1271",2013-05-06,"Ukraine","Melitopol'",0,1,1,0
"1272",2013-05-06,"Ukraine","Sevastopol",406,1,0,1
"1273",2013-05-06,"Ukraine","Simferopol",305,2,1,1
"1274",2013-05-07,"Ukraine","Kyiv",44,2,1,2
"1275",2013-05-07,"Ukraine","Simferopol",0,4,4,1
"1276",2013-05-09,"Sweden","Uppsala",135,1,0,1
"1277",2013-05-09,"Ukraine","Yalta",0,1,1,1
"1278",2013-05-10,"Ukraine","Simferopol",0,1,1,1
"1279",2013-05-11,"(not set)","(not set)",0,1,1,1
"1280",2013-05-12,"(not set)","(not set)",0,1,1,1
"1281",2013-05-12,"Belarus","Minsk",0,1,1,1
"1282",2013-05-12,"Russia","Omsk",382,1,0,1
"1283",2013-05-12,"Ukraine","Kyiv",0,1,1,1
"1284",2013-05-12,"Ukraine","Simferopol",0,2,2,0
"1285",2013-05-13,"Ukraine","Kyiv",0,1,1,0
"1286",2013-05-13,"Ukraine","Odesa",0,1,1,0
"1287",2013-05-13,"Ukraine","Simferopol",188,2,1,2
"1288",2013-05-14,"Czechia","Prague",0,1,1,1
"1289",2013-05-14,"Russia","Moscow",0,2,2,2
"1290",2013-05-14,"Ukraine","Kharkiv",0,1,1,1
"1291",2013-05-14,"Ukraine","Kyiv",0,1,1,1
"1292",2013-05-14,"Ukraine","Odesa",201,1,0,1
"1293",2013-05-14,"Ukraine","Simferopol",0,1,1,1
"1294",2013-05-15,"Ukraine","Odesa",0,1,1,0
"1295",2013-05-16,"Russia","Saint Petersburg",0,1,1,0
"1296",2013-05-17,"Ukraine","Kyiv",97,1,0,1
"1297",2013-05-17,"Ukraine","Odesa",0,1,1,0
"1298",2013-05-17,"Ukraine","Simferopol",2776,3,2,1
"1299",2013-05-18,"Belarus","Bobruysk",0,1,1,1
"1300",2013-05-18,"Ukraine","Kyiv",0,3,3,2
"1301",2013-05-18,"Ukraine","Melitopol'",0,1,1,0
"1302",2013-05-18,"Ukraine","Simferopol",429,2,0,2
"1303",2013-05-19,"Belarus","(not set)",0,1,1,1
"1304",2013-05-19,"Belarus","Minsk",0,1,1,1
"1305",2013-05-19,"Ukraine","Simferopol",0,3,3,0
"1306",2013-05-20,"Ukraine","Odesa",0,1,1,1
"1307",2013-05-20,"Ukraine","Simferopol",0,4,4,2
"1308",2013-05-21,"Ukraine","Melitopol'",0,1,1,0
"1309",2013-05-21,"Ukraine","Rivne",0,1,1,1
"1310",2013-05-21,"Ukraine","Simferopol",27574,2,1,1
"1311",2013-05-22,"Ukraine","Simferopol",4,4,3,1
"1312",2013-05-23,"Russia","Moscow",0,1,1,1
"1313",2013-05-23,"Ukraine","Kyiv",880,1,0,1
"1314",2013-05-23,"Ukraine","Odesa",411,4,3,1
"1315",2013-05-23,"Ukraine","Simferopol",1538,1,0,0
"1316",2013-05-24,"Ireland","Dublin",0,1,1,1
"1317",2013-05-24,"Ukraine","Odesa",0,1,1,0
"1318",2013-05-24,"Ukraine","Simferopol",0,3,3,1
"1319",2013-05-24,"Ukraine","Sudak",986,1,0,1
"1320",2013-05-25,"Russia","Moscow",0,1,1,1
"1321",2013-05-25,"Ukraine","Simferopol",289,1,0,1
"1322",2013-05-26,"Ukraine","Sevastopol",0,2,2,2
"1323",2013-05-26,"Ukraine","Simferopol",85,4,3,1
"1324",2013-05-27,"Russia","Saint Petersburg",0,1,1,1
"1325",2013-05-27,"Ukraine","Kerch",26,1,0,1
"1326",2013-05-27,"Ukraine","Kyiv",18,2,1,1
"1327",2013-05-28,"Ukraine","Odesa",9,1,0,1
"1328",2013-05-28,"Ukraine","Uzhhorod",19,3,2,0
"1329",2013-05-29,"Russia","Saint Petersburg",0,1,1,1
"1330",2013-05-29,"Ukraine","Simferopol",22,2,1,1
"1331",2013-05-29,"Ukraine","Sumy",0,1,1,1
"1332",2013-05-30,"New Zealand","Auckland",0,1,1,0
"1333",2013-05-30,"Ukraine","Kyiv",40,1,0,0
"1334",2013-05-30,"Ukraine","Uzhhorod",575,1,0,1
"1335",2013-05-31,"Russia","Krasnodar",0,1,1,1
"1336",2013-05-31,"Ukraine","Simferopol",0,2,2,1
"1337",2013-05-31,"Ukraine","Zaporizhzhia",0,1,1,1
"1338",2013-06-01,"Ukraine","Donetsk",0,1,1,1
"1339",2013-06-01,"Ukraine","Simferopol",228,2,1,2
